{
	"info": {
		"_postman_id": "b36bf241-1ecf-4335-ae38-7ed8240c4535",
		"name": "Node_CRUD",
		"schema": "https://schema.getpostman.com/json/collection/v2.1.0/collection.json",
		"_exporter_id": "7828968"
	},
	"item": [
		{
			"name": "Customers",
			"item": [
				{
					"name": "SaveCustomers",
					"request": {
						"method": "POST",
						"header": [
							{
								"key": "authorization",
								"value": "eyJhbGciOiJIUzI1NiJ9.MQ.ddi6W6qe-2FHkztZh9w3DYYzj2_aajq19ILUg-0z-8E",
								"type": "text"
							}
						],
						"body": {
							"mode": "raw",
							"raw": "{\r\n    \"firstName\": \"pqr\",\r\n    \"lastName\": \"pqr\",\r\n    \"email\": \"pqr@email.com\",\r\n    \"phone\": \"48654684\",\r\n    \"city\": \"abc\",\r\n    \"country\": \"abc\"\r\n}",
							"options": {
								"raw": {
									"language": "json"
								}
							}
						},
						"url": {
							"raw": "http://localhost:4000/api/customer/",
							"protocol": "http",
							"host": [
								"localhost"
							],
							"port": "4000",
							"path": [
								"api",
								"customer",
								""
							]
						}
					},
					"response": []
				},
				{
					"name": "GetCustomersList",
					"request": {
						"method": "GET",
						"header": [
							{
								"key": "authorization",
								"value": "eyJhbGciOiJIUzI1NiJ9.MQ.ddi6W6qe-2FHkztZh9w3DYYzj2_aajq19ILUg-0z-8E",
								"type": "text"
							}
						],
						"url": {
							"raw": "http://localhost:4000/api/customer",
							"protocol": "http",
							"host": [
								"localhost"
							],
							"port": "4000",
							"path": [
								"api",
								"customer"
							],
							"query": [
								{
									"key": "page",
									"value": "1",
									"disabled": true
								},
								{
									"key": "size",
									"value": "2",
									"disabled": true
								},
								{
									"key": "orderBy",
									"value": "id",
									"disabled": true
								},
								{
									"key": "order",
									"value": "DESC",
									"disabled": true
								},
								{
									"key": "search",
									"value": "pqr",
									"disabled": true
								}
							]
						}
					},
					"response": []
				}
			]
		},
		{
			"name": "Role",
			"item": [
				{
					"name": "save role",
					"request": {
						"method": "POST",
						"header": [
							{
								"key": "authorization",
								"value": "eyJhbGciOiJIUzI1NiJ9.MQ.ddi6W6qe-2FHkztZh9w3DYYzj2_aajq19ILUg-0z-8E",
								"type": "text"
							}
						],
						"body": {
							"mode": "raw",
							"raw": "{\r\n    \"role\": \"customer\"\r\n}",
							"options": {
								"raw": {
									"language": "json"
								}
							}
						},
						"url": {
							"raw": "http://localhost:4000/api/role/",
							"protocol": "http",
							"host": [
								"localhost"
							],
							"port": "4000",
							"path": [
								"api",
								"role",
								""
							]
						}
					},
					"response": []
				},
				{
					"name": "get all roles",
					"request": {
						"method": "GET",
						"header": [
							{
								"key": "authorization",
								"value": "eyJhbGciOiJIUzI1NiJ9.MQ.ddi6W6qe-2FHkztZh9w3DYYzj2_aajq19ILUg-0z-8E",
								"type": "text"
							}
						],
						"url": {
							"raw": "http://localhost:4000/api/role/",
							"protocol": "http",
							"host": [
								"localhost"
							],
							"port": "4000",
							"path": [
								"api",
								"role",
								""
							]
						}
					},
					"response": []
				},
				{
					"name": "get role by id",
					"request": {
						"method": "GET",
						"header": [
							{
								"key": "authorization",
								"value": "eyJhbGciOiJIUzI1NiJ9.MQ.ddi6W6qe-2FHkztZh9w3DYYzj2_aajq19ILUg-0z-8E",
								"type": "text"
							}
						],
						"url": {
							"raw": "http://localhost:4000/api/role/1",
							"protocol": "http",
							"host": [
								"localhost"
							],
							"port": "4000",
							"path": [
								"api",
								"role",
								"1"
							]
						}
					},
					"response": []
				},
				{
					"name": "role update",
					"request": {
						"method": "PUT",
						"header": [
							{
								"key": "authorization",
								"value": "eyJhbGciOiJIUzI1NiJ9.MQ.ddi6W6qe-2FHkztZh9w3DYYzj2_aajq19ILUg-0z-8E",
								"type": "text"
							}
						],
						"body": {
							"mode": "raw",
							"raw": "{\r\n    \"role\": \"skndv\"\r\n}",
							"options": {
								"raw": {
									"language": "json"
								}
							}
						},
						"url": {
							"raw": "http://localhost:4000/api/role/13",
							"protocol": "http",
							"host": [
								"localhost"
							],
							"port": "4000",
							"path": [
								"api",
								"role",
								"13"
							]
						}
					},
					"response": []
				},
				{
					"name": "delete role",
					"request": {
						"method": "DELETE",
						"header": [
							{
								"key": "authorization",
								"value": "eyJhbGciOiJIUzI1NiJ9.MQ.ddi6W6qe-2FHkztZh9w3DYYzj2_aajq19ILUg-0z-8E",
								"type": "text"
							}
						],
						"url": {
							"raw": "http://localhost:4000/api/role/13",
							"protocol": "http",
							"host": [
								"localhost"
							],
							"port": "4000",
							"path": [
								"api",
								"role",
								"13"
							]
						}
					},
					"response": []
				}
			]
		},
		{
			"name": "Product",
			"item": [
				{
					"name": "SaveProduct",
					"request": {
						"method": "POST",
						"header": [
							{
								"key": "authorization",
								"value": "eyJhbGciOiJIUzI1NiJ9.MQ.ddi6W6qe-2FHkztZh9w3DYYzj2_aajq19ILUg-0z-8E",
								"type": "text"
							}
						],
						"body": {
							"mode": "raw",
							"raw": "{\r\n    \"productName\": \"abc\",\r\n    \"category\": \"abc-type\",\r\n    \"priceBand\": \"100\"\r\n}",
							"options": {
								"raw": {
									"language": "json"
								}
							}
						},
						"url": {
							"raw": "http://localhost:4000/api/product/",
							"protocol": "http",
							"host": [
								"localhost"
							],
							"port": "4000",
							"path": [
								"api",
								"product",
								""
							]
						}
					},
					"response": []
				},
				{
					"name": "GetAllProducts",
					"request": {
						"method": "GET",
						"header": [
							{
								"key": "authorization",
								"value": "eyJhbGciOiJIUzI1NiJ9.MQ.ddi6W6qe-2FHkztZh9w3DYYzj2_aajq19ILUg-0z-8E",
								"type": "text"
							}
						],
						"url": {
							"raw": "http://localhost:4000/api/product/",
							"protocol": "http",
							"host": [
								"localhost"
							],
							"port": "4000",
							"path": [
								"api",
								"product",
								""
							],
							"query": [
								{
									"key": "search",
									"value": "abc",
									"disabled": true
								},
								{
									"key": "orderBy",
									"value": "id",
									"disabled": true
								},
								{
									"key": "order",
									"value": "DESC",
									"disabled": true
								},
								{
									"key": "page",
									"value": "1",
									"disabled": true
								},
								{
									"key": "size",
									"value": "10",
									"disabled": true
								}
							]
						}
					},
					"response": []
				},
				{
					"name": "GetProductByID",
					"request": {
						"method": "GET",
						"header": [
							{
								"key": "authorization",
								"value": "eyJhbGciOiJIUzI1NiJ9.MQ.ddi6W6qe-2FHkztZh9w3DYYzj2_aajq19ILUg-0z-8E",
								"type": "text"
							}
						],
						"url": {
							"raw": "http://localhost:4000/api/product/1",
							"protocol": "http",
							"host": [
								"localhost"
							],
							"port": "4000",
							"path": [
								"api",
								"product",
								"1"
							]
						}
					},
					"response": []
				},
				{
					"name": "updateProduct",
					"request": {
						"method": "PUT",
						"header": [
							{
								"key": "authorization",
								"value": "eyJhbGciOiJIUzI1NiJ9.MQ.ddi6W6qe-2FHkztZh9w3DYYzj2_aajq19ILUg-0z-8E",
								"type": "text"
							}
						],
						"body": {
							"mode": "raw",
							"raw": "{\r\n    \"productName\": \"abc\",\r\n    \"category\": \"abc-type\",\r\n    \"priceBand\": \"200\"\r\n}",
							"options": {
								"raw": {
									"language": "json"
								}
							}
						},
						"url": {
							"raw": "http://localhost:4000/api/product/1",
							"protocol": "http",
							"host": [
								"localhost"
							],
							"port": "4000",
							"path": [
								"api",
								"product",
								"1"
							]
						}
					},
					"response": []
				},
				{
					"name": "DeleteProduct",
					"request": {
						"method": "DELETE",
						"header": [
							{
								"key": "authorization",
								"value": "eyJhbGciOiJIUzI1NiJ9.MQ.ddi6W6qe-2FHkztZh9w3DYYzj2_aajq19ILUg-0z-8E",
								"type": "text"
							}
						],
						"url": {
							"raw": "http://localhost:4000/api/product/1",
							"protocol": "http",
							"host": [
								"localhost"
							],
							"port": "4000",
							"path": [
								"api",
								"product",
								"1"
							]
						}
					},
					"response": []
				}
			]
		},
		{
			"name": "SignUP",
			"request": {
				"method": "POST",
				"header": [],
				"body": {
					"mode": "raw",
					"raw": "{\r\n    \"name\": \"Bhushan\",\r\n    \"email\": \"bhushan123@email.com\",\r\n    \"password\": \"Bhushan#009\",\r\n    \"roleId\": 14\r\n}",
					"options": {
						"raw": {
							"language": "json"
						}
					}
				},
				"url": {
					"raw": "http://localhost:4000/api/user/signup",
					"protocol": "http",
					"host": [
						"localhost"
					],
					"port": "4000",
					"path": [
						"api",
						"user",
						"signup"
					]
				}
			},
			"response": []
		},
		{
			"name": "Login",
			"request": {
				"method": "POST",
				"header": [],
				"body": {
					"mode": "raw",
					"raw": "{\r\n    \"email\": \"bhushan1418@email.com\",\r\n    \"password\": \"Bhushan#009\"\r\n}",
					"options": {
						"raw": {
							"language": "json"
						}
					}
				},
				"url": {
					"raw": "http://localhost:4000/api/user/login",
					"protocol": "http",
					"host": [
						"localhost"
					],
					"port": "4000",
					"path": [
						"api",
						"user",
						"login"
					]
				}
			},
			"response": []
		}
	]
}